time (ms),Cell 1,Cell 2,Cell 3,Cell 4,Cell 5,Cell 6,Cell 7,Cell 8,Cell 9,Cell 10,Cell 11,Cell 12,Cell 13,Cell 14,Cell 15,Current,SoC,Temperature 1,Temperature 2,Temperature 3,Temperature 4,UV\OV Fault,,Temperature 1,Temperature 2,Temperature 3,Temperature 4,,,,Vin,30000
0,41641,41527,41580,41429,41435,41498,41497,41350,41640,41643,41614,41647,41700,41653,40698,0,0,15385,15156,15127,14693,0,,23.67580349,24.46211911,24.56196813,26.06433376,,,,b,3428
0.1,41640,41524,41581,41429,41433,41497,41497,41349,41639,41643,41611,41647,41700,41653,40698,0,0,15391,15164,15124,14694,0,,23.65525055,24.43458567,24.57230097,26.06085356,,,,To,298
0.2,41641,41527,41580,41429,41434,41497,41497,41349,41639,41643,41611,41647,41700,41653,40698,0,0,15398,15170,15121,14696,0,,23.63127517,24.41393873,24.58263449,26.05389344,,,,T,333
0.3,41640,41526,41581,41428,41434,41497,41498,41349,41639,41644,41611,41646,41700,41653,40698,0,0,15405,15177,15118,14696,0,,23.60730307,24.38985401,24.59296869,26.05389344,,,,,
0.4,41641,41526,41581,41428,41433,41498,41499,41349,41639,41643,41612,41647,41700,41653,40698,0,0,15412,15183,15116,14699,0,,23.58333425,24.36921286,24.59985854,26.04345395,,,,,
0.5,41641,41526,41580,41428,41434,41497,41498,41348,41639,41643,41611,41647,41700,41653,40698,0,0,15418,15189,15114,14699,0,,23.56279213,24.34857438,24.60674869,26.04345395,,,,,
0.6,41640,41527,41581,41428,41433,41496,41498,41349,41640,41643,41612,41647,41700,41653,40698,0,0,15425,15197,15112,14700,0,,23.53882935,24.32106053,24.61363915,26.03997429,,,,,
0.7,41639,41525,41582,41429,41434,41497,41498,41350,41640,41643,41612,41647,41700,41653,40698,0,0,15433,15204,15111,14700,0,,23.51144727,24.29698977,24.6170845,26.03997429,,,,,
0.8,41640,41527,41579,41429,41434,41496,41498,41350,41639,41644,41611,41645,41700,41653,40698,0,0,15439,15211,15110,14700,0,,23.49091348,24.2729226,24.62052992,26.03997429,,,,,
0.9,41641,41527,41581,41429,41434,41498,41498,41348,41639,41644,41613,41647,41700,41653,40698,0,0,15444,15217,15114,14702,0,,23.4738038,24.25229646,24.60674869,26.03301526,,,,,
1,41641,41527,41581,41429,41434,41497,41498,41350,41640,41643,41614,41647,41700,41653,40698,0,0,15449,15222,15116,14703,0,,23.45669575,24.23511,24.59985854,26.02953588,,,,,
1.1,41639,41526,41581,41429,41434,41496,41497,41350,41640,41644,41612,41646,41700,41653,40698,0,0,15454,15228,15119,14704,0,,23.43958933,24.21448866,24.58952388,26.02605659,,,,,
1.2,41642,41526,41580,41429,41434,41496,41497,41349,41640,41643,41612,41648,41700,41653,40698,0,0,15458,15232,15125,14707,0,,23.42590537,24.20074254,24.56885661,26.01561926,,,,,
1.3,41641,41527,41581,41429,41435,41497,41498,41349,41639,41642,41612,41648,41700,41653,40698,0,0,15464,15238,15128,14708,0,,23.40538138,24.18012555,24.558524,26.01214033,,,,,
1.4,41640,41527,41581,41429,41435,41497,41497,41349,41640,41643,41612,41646,41700,41653,40698,0,0,15468,15243,15135,14710,0,,23.39170002,24.1629467,24.53441724,26.00518273,,,,,
1.5,41640,41526,41582,41429,41435,41497,41498,41349,41639,41642,41612,41648,41700,41653,40698,0,0,15472,15248,15141,14712,0,,23.37801969,24.14576965,24.51375724,25.9982255,,,,,
1.6,41640,41526,41581,41429,41435,41497,41498,41348,41639,41643,41611,41646,41700,41653,40698,0,0,15476,15254,15148,14714,0,,23.36434039,24.12515957,24.48965735,25.99126863,,,,,
1.7,41640,41526,41580,41429,41435,41496,41497,41350,41640,41643,41611,41646,41700,41653,40698,0,0,15478,15258,15156,14718,0,,23.35750113,24.11142094,24.46211911,25.97735596,,,,,
1.8,41641,41526,41580,41429,41434,41498,41498,41348,41639,41643,41612,41647,41700,41653,40698,0,0,15482,15263,15164,14721,0,,23.34382338,24.09424927,24.43458567,25.9669224,,,,,
1.9,41640,41527,41581,41429,41434,41497,41498,41350,41639,41643,41610,41646,41700,41653,40698,0,0,15484,15267,15171,14724,0,,23.33698489,24.08051322,24.41049783,25.95648965,,,,,
2,41641,41527,41579,41428,41434,41498,41498,41350,41639,41643,41612,41646,41700,41653,40698,0,0,15487,15269,15179,14726,0,,23.32672764,24.07364563,24.38297333,25.94953492,,,,,
2.1,41639,41527,41579,41429,41433,41497,41498,41349,41640,41645,41611,41647,41700,41653,40698,0,0,15491,15269,15186,14731,0,,23.3130522,24.07364563,24.35889329,25.93214968,,,,,
2.2,41640,41527,41579,41427,41434,41497,41498,41350,41640,41643,41611,41646,41700,41653,40698,0,0,15493,15270,15194,14735,0,,23.30621486,24.07021193,24.33137767,25.91824309,,,,,
2.3,41640,41527,41582,41429,41434,41497,41497,41349,41640,41643,41612,41647,41700,41653,40698,0,0,15497,15269,15200,14740,0,,23.29254095,24.07364563,24.31074405,25.90086186,,,,,
2.4,41641,41525,41579,41428,41434,41498,41498,41348,41639,41642,41611,41647,41700,41653,40698,0,0,15501,15270,15207,14744,0,,23.27886807,24.07021193,24.28667483,25.88695848,,,,,
2.5,41641,41527,41581,41427,41434,41497,41497,41349,41639,41643,41612,41647,41700,41653,40698,0,0,15503,15269,15210,14749,0,,23.27203201,24.07364563,24.27636055,25.86958124,,,,,
2.6,41641,41526,41580,41429,41433,41497,41496,41349,41638,41644,41611,41646,41700,41653,40698,0,0,15506,15269,15214,14755,0,,23.26177839,24.07364563,24.2626092,25.84873148,,,,,
2.7,41640,41527,41580,41429,41434,41497,41497,41349,41639,41643,41611,41647,41700,41653,40698,0,0,15509,15271,15215,14758,0,,23.25152535,24.06677831,24.25917155,25.8383078,,,,,
2.8,41640,41527,41581,41429,41435,41497,41499,41350,41640,41645,41612,41645,41700,41653,40698,0,0,15512,15272,15215,14762,0,,23.24127287,24.06334476,24.25917155,25.82441079,,,,,
2.9,41640,41525,41580,41428,41434,41497,41498,41350,41639,41643,41613,41646,41700,41653,40698,0,0,15514,15274,15216,14767,0,,23.23443821,24.05647788,24.25573396,25.8070415,,,,,
3,41640,41527,41581,41428,41434,41496,41498,41348,41639,41644,41613,41647,41700,41653,40698,0,0,15518,15274,15215,14771,0,,23.22076963,24.05647788,24.25917155,25.79314766,,,,,
3.1,41640,41526,41581,41428,41434,41497,41499,41350,41638,41643,41611,41645,41700,41653,40698,0,0,15520,15276,15215,14773,0,,23.21393573,24.04961127,24.25917155,25.78620127,,,,,
3.2,41640,41527,41581,41429,41435,41496,41498,41349,41640,41643,41611,41646,41700,41653,40698,0,0,15522,15278,15217,14777,0,,23.20710207,24.04274495,24.25229646,25.77230953,,,,,
3.3,41641,41526,41580,41428,41434,41497,41498,41350,41639,41643,41612,41647,41700,41653,40698,0,0,15525,15280,15218,14781,0,,23.19685206,24.03587892,24.24885902,25.75841919,,,,,
3.4,41641,41526,41581,41428,41433,41497,41498,41350,41639,41643,41611,41647,41700,41653,40698,0,0,15527,15283,15220,14782,0,,23.19001903,24.02558039,24.24198436,25.75494683,,,,,
3.5,41639,41526,41581,41429,41434,41497,41497,41347,41639,41643,41611,41646,41700,41653,40698,0,0,15529,15284,15223,14785,0,,23.18318625,24.0221477,24.23167293,25.74453026,,,,,
3.6,41640,41527,41581,41429,41434,41496,41498,41350,41639,41643,41612,41646,41700,41653,40698,0,0,15531,15285,15224,14788,0,,23.17635373,24.01871507,24.22823593,25.73411448,,,,,
3.7,41641,41526,41580,41428,41434,41497,41497,41349,41639,41644,41612,41647,41700,41653,40698,0,0,15535,15287,15229,14791,0,,23.16268943,24.01185002,24.21105202,25.72369948,,,,,
3.8,41640,41527,41582,41429,41434,41498,41498,41350,41640,41644,41613,41647,41700,41653,40698,0,0,15537,15288,15233,14793,0,,23.15585766,24.0084176,24.1973062,25.71675658,,,,,
3.9,41640,41526,41580,41428,41435,41497,41497,41350,41639,41643,41612,41647,41700,41653,40698,0,0,15541,15289,15236,14795,0,,23.14219486,24.00498526,24.18699759,25.70981403,,,,,
4,41640,41526,41581,41428,41434,41497,41499,41350,41639,41644,41613,41647,41700,41653,40698,0,0,15543,15291,15240,14797,0,,23.13536383,23.99812078,24.17325379,25.70287183,,,,,
4.1,41640,41526,41581,41428,41434,41497,41498,41348,41639,41643,41611,41647,41700,41653,40698,0,0,15546,15293,15243,14800,0,,23.12511776,23.99125658,24.1629467,25.69245918,,,,,
4.2,41641,41527,41580,41429,41434,41497,41498,41350,41639,41643,41612,41646,41700,41653,40698,0,0,15548,15294,15247,14802,0,,23.11828736,23.98782458,24.14920492,25.68551785,,,,,
4.3,41640,41526,41581,41430,41434,41497,41498,41350,41639,41643,41611,41647,41700,41653,40698,0,0,15550,15296,15250,14806,0,,23.11145721,23.98096081,24.13889934,25.67163623,,,,,
4.4,41639,41526,41580,41428,41434,41497,41498,41348,41639,41644,41612,41647,41700,41653,40698,0,0,15553,15298,15252,14807,0,,23.10121244,23.97409731,24.13202931,25.66816604,,,,,
4.5,41640,41526,41579,41429,41433,41496,41499,41349,41639,41643,41612,41647,41700,41653,40698,0,0,15555,15302,15254,14810,0,,23.09438291,23.96037116,24.12515957,25.65775599,,,,,
4.6,41640,41527,41579,41428,41433,41497,41498,41349,41640,41643,41610,41645,41700,41653,40698,0,0,15557,15302,15256,14813,0,,23.08755362,23.96037116,24.11829011,25.64734673,,,,,
4.7,41640,41527,41580,41428,41434,41496,41499,41349,41639,41643,41612,41647,41700,41653,40698,0,0,15559,15305,15257,14816,0,,23.08072458,23.95007728,24.11485549,25.63693823,,,,,
4.8,41640,41526,41580,41428,41434,41496,41497,41350,41640,41643,41612,41647,41700,41653,40698,0,0,15560,15306,15258,14818,0,,23.07731015,23.94664613,24.11142094,25.62999967,,,,,
4.9,41641,41527,41580,41429,41434,41497,41499,41351,41639,41644,41612,41647,41700,41653,40698,0,0,15560,15304,15261,14819,0,,23.07731015,23.95350851,24.10111773,25.62653052,,,,,
5,41641,41526,41580,41428,41433,41497,41499,41348,41639,41644,41613,41647,41700,41653,40698,0,0,15558,15302,15265,14820,0,,23.08413907,23.96037116,24.08738111,25.62306145,,,,,
5.1,41640,41526,41580,41429,41434,41497,41499,41348,41639,41645,41612,41646,41700,41653,40698,0,0,15558,15301,15269,14824,0,,23.08413907,23.96380259,24.07364563,25.60918605,,,,,
5.2,41640,41526,41580,41428,41434,41496,41498,41349,41639,41644,41612,41647,41700,41653,40698,0,0,15556,15299,15274,14826,0,,23.09096823,23.97066567,24.05647788,25.60224887,,,,,
5.3,41640,41526,41580,41428,41433,41497,41498,41348,41639,41644,41612,41647,41700,41653,40698,0,0,15555,15296,15277,14828,0,,23.09438291,23.98096081,24.04617808,25.59531202,,,,,
5.4,41641,41527,41581,41429,41434,41497,41498,41350,41639,41643,41612,41648,41700,41653,40698,0,0,15553,15294,15280,14829,0,,23.10121244,23.98782458,24.03587892,25.59184373,,,,,
5.5,41641,41527,41580,41427,41434,41498,41498,41349,41639,41643,41613,41647,41700,41653,40698,0,0,15551,15294,15288,14831,0,,23.10804222,23.98782458,24.0084176,25.58490741,,,,,
5.6,41640,41526,41581,41429,41434,41497,41498,41350,41639,41644,41612,41648,41700,41653,40698,0,0,15525,15267,15293,14835,0,,23.19685206,24.08051322,23.99125658,25.57103578,,,,,
5.7,41639,41526,41581,41428,41434,41496,41497,41349,41640,41644,41612,41647,41700,41653,40698,0,0,15421,15157,15299,14837,0,,23.55252197,24.45867717,23.97066567,25.56410049,,,,,
5.8,41640,41526,41581,41428,41434,41497,41497,41349,41639,41644,41612,41646,41700,41653,40698,0,0,15232,14967,15303,14839,0,,24.20074254,25.11402793,23.9569398,25.55716553,,,,,
5.9,41640,41526,41580,41429,41434,41496,41498,41350,41639,41643,41612,41647,41700,41653,40698,0,0,15028,14752,15307,14841,0,,24.90331746,25.85915597,23.94321505,25.55023092,,,,,
6,41640,41525,41579,41429,41434,41498,41497,41348,41639,41642,41610,41646,41700,41653,40698,0,0,14803,14536,15312,14846,0,,25.68204732,26.61186907,23.92606069,25.53289588,,,,,
6.1,41640,41527,41581,41428,41434,41498,41498,41349,41639,41644,41613,41647,41700,41653,40698,0,0,14594,14377,15295,14847,0,,26.40932655,27.16879088,23.98439266,25.52942913,,,,,
6.2,41640,41527,41581,41428,41435,41497,41498,41349,41638,41643,41612,41647,41700,41653,40698,0,0,14403,14224,15277,14851,0,,27.07755005,27.70712001,24.04617808,25.51556297,,,,,
6.3,41640,41527,41581,41429,41433,41497,41499,41349,41639,41644,41612,41645,41700,41653,40698,0,0,14169,14016,15270,14853,0,,27.9012429,28.44301288,24.07021193,25.5086304,,,,,
6.4,41640,41527,41580,41428,41433,41497,41498,41349,41639,41644,41612,41646,41700,41653,40698,0,0,14008,13867,15261,14856,0,,28.47141348,28.97320042,24.10111773,25.49823219,,,,,
6.5,41640,41526,41579,41428,41434,41496,41497,41349,41639,41644,41611,41646,41700,41653,40698,0,0,13857,13745,15207,14849,0,,29.0088778,29.40929861,24.28667483,25.52249588,,,,,
6.6,41641,41527,41581,41428,41433,41497,41498,41348,41640,41643,41612,41647,41700,41653,40698,0,0,13723,13642,15056,14776,0,,29.48813539,29.77892673,24.80669696,25.77578233,,,,,
6.7,41641,41527,41580,41428,41434,41496,41498,41348,41639,41644,41611,41647,41700,41653,40698,0,0,13568,13536,14855,14691,0,,30.04532803,30.16075165,25.50169818,26.07129442,,,,,
6.8,41640,41526,41579,41430,41433,41496,41498,41349,41639,41643,41611,41647,41700,41653,40698,0,0,13431,13439,14661,14609,0,,30.54045156,30.51146925,26.17574794,26.35699657,,,,,
6.9,41639,41525,41580,41428,41434,41498,41497,41349,41638,41643,41611,41646,41700,41653,40698,0,0,13289,13342,14438,14504,0,,31.05637247,30.86347847,26.95483319,26.72375441,,,,,
7,41639,41526,41581,41428,41436,41496,41499,41349,41640,41643,41612,41647,41700,41653,40698,0,0,13113,13245,14164,14335,0,,31.69985173,31.21681675,27.91890672,27.31632526,,,,,
7.1,41641,41527,41580,41428,41434,41497,41497,41348,41639,41644,41611,41647,41700,41653,40698,0,0,12946,13135,13909,14182,0,,32.31474456,31.61916596,28.82348646,27.85532975,,,,,
7.2,41640,41526,41581,41428,41433,41498,41497,41348,41640,41643,41612,41646,41700,41653,40698,0,0,12788,13028,13651,14046,0,,32.90055796,32.01228255,29.74657512,28.3365759,,,,,
7.3,41641,41526,41581,41429,41434,41497,41498,41349,41640,41644,41612,41646,41700,41653,40698,0,0,12648,12941,13440,13917,0,,33.42307556,32.33322153,30.50784708,28.79499336,,,,,
7.4,41640,41527,41580,41429,41433,41496,41499,41350,41640,41642,41612,41646,41700,41653,40698,0,0,12519,12871,13287,13824,0,,33.90751539,32.59231739,31.06365934,29.12669907,,,,,
7.5,41640,41527,41581,41429,41434,41497,41499,41350,41638,41643,41611,41645,41700,41653,40698,0,0,12411,12799,13130,13741,0,,34.31536505,32.85964191,31.63749725,29.42362805,,,,,
7.6,41641,41526,41581,41429,41434,41497,41497,41349,41638,41643,41611,41647,41700,41653,40698,0,0,12310,12738,12979,13656,0,,34.69871143,33.08679296,32.19289552,29.72860652,,,,,
7.7,41639,41525,41580,41430,41434,41497,41498,41349,41640,41642,41612,41646,41700,41653,40698,0,0,12225,12692,12855,13564,0,,35.02281459,33.25849903,32.65164988,30.05974856,,,,,
7.8,41639,41525,41580,41428,41435,41497,41499,41351,41641,41644,41612,41647,41700,41653,40698,0,0,12145,12636,12751,13488,0,,35.32912215,33.46801761,33.03833179,30.33414352,,,,,
7.9,41639,41526,41579,41428,41434,41497,41497,41349,41639,41644,41613,41647,41700,41653,40698,0,0,12057,12583,12655,13433,0,,35.66751412,33.66680957,33.39687079,30.53320516,,,,,
8,41640,41527,41580,41429,41435,41498,41498,41348,41640,41644,41614,41648,41700,41653,40698,0,0,11997,12550,12564,13384,0,,35.89912669,33.79083331,33.73819382,30.71090117,,,,,
8.1,41641,41527,41579,41429,41435,41496,41498,41350,41639,41643,41612,41647,41700,41653,40698,0,0,11945,12511,12489,13326,0,,36.10045208,33.93765459,34.02059627,30.92166853,,,,,
8.2,41640,41527,41581,41428,41434,41497,41499,41350,41639,41643,41613,41647,41700,41653,40698,0,0,11901,12474,12420,13282,0,,36.27124143,34.07719714,34.28129685,31.08187903,,,,,
8.3,41640,41526,41581,41428,41433,41496,41497,41350,41640,41643,41613,41648,41700,41653,40698,0,0,11866,12448,12341,13225,0,,36.40738598,34.17540137,34.58084894,31.28983875,,,,,
8.4,41640,41526,41581,41429,41434,41498,41499,41350,41640,41643,41612,41647,41700,41653,40698,0,0,11835,12421,12277,13178,0,,36.52818736,34.27751241,34.82437662,31.46167111,,,,,
8.5,41640,41526,41579,41428,41433,41497,41497,41348,41639,41644,41612,41647,41700,41653,40698,0,0,11794,12398,12223,13126,0,,36.68827175,34.36460086,35.03045716,31.65216498,,,,,
8.6,41639,41526,41580,41428,41435,41497,41498,41349,41638,41643,41612,41647,41700,41653,40698,0,0,11745,12369,12157,13094,0,,36.88006743,34.47454664,35.28309649,31.76959365,,,,,
8.7,41639,41526,41580,41428,41433,41496,41498,41348,41639,41643,41612,41647,41700,41653,40698,0,0,11700,12346,12116,13065,0,,37.05666757,34.56185569,35.44046784,31.87614755,,,,,
8.8,41640,41526,41581,41428,41434,41498,41498,41350,41639,41643,41611,41647,41700,41653,40698,0,0,11642,12318,12084,13039,0,,37.28494557,34.66827806,35.56352536,31.97178798,,,,,
8.9,41640,41526,41581,41428,41434,41497,41498,41349,41639,41644,41612,41647,41700,41653,40698,0,0,11584,12288,12063,13017,0,,37.51397732,34.78246535,35.64439287,32.05279583,,,,,
9,41640,41526,41579,41427,41434,41496,41497,41350,41640,41644,41612,41646,41700,41653,40698,0,0,11546,12258,12024,12993,0,,37.66444675,34.89682294,35.79481071,32.14125364,,,,,
9.1,41639,41526,41580,41429,41434,41497,41498,41349,41639,41642,41612,41647,41700,41653,40698,0,0,11482,12223,11986,12974,0,,37.91862031,35.03045716,35.94166843,32.21134648,,,,,
9.2,41639,41526,41579,41428,41434,41498,41497,41349,41639,41643,41613,41646,41700,41653,40698,0,0,11433,12191,11952,12959,0,,38.11386759,35.15284333,36.07331814,32.26672295,,,,,
9.3,41639,41526,41580,41430,41434,41497,41498,41349,41640,41643,41613,41647,41700,41653,40698,0,0,11376,12163,11930,12927,0,,38.34170684,35.26009424,36.15863045,32.38497812,,,,,
9.4,41640,41526,41580,41428,41434,41496,41498,41350,41639,41645,41613,41647,41700,41653,40698,0,0,11329,12141,11869,12894,0,,38.53016027,35.34447032,36.39570634,32.50709934,,,,,
9.5,41640,41527,41579,41428,41433,41497,41498,41349,41640,41644,41611,41647,41700,41653,40698,0,0,11269,12120,11827,12860,0,,38.77151964,35.42509994,36.55939508,32.63310403,,,,,
9.6,41639,41526,41580,41429,41434,41497,41497,41350,41639,41643,41614,41647,41700,41653,40698,0,0,11219,12086,11773,12822,0,,38.97333018,35.55582829,36.77040619,32.77415453,,,,,
9.7,41639,41525,41579,41429,41434,41497,41498,41349,41640,41643,41614,41647,41700,41653,40698,0,0,11165,12049,11717,12772,0,,39.19198736,35.69835372,36.98989971,32.96010793,,,,,
9.8,41639,41526,41580,41428,41435,41497,41497,41348,41639,41644,41611,41647,41700,41653,40698,0,0,11112,12018,11632,12690,0,,39.40731359,35.81797922,37.32437972,33.26597262,,,,,
9.9,41640,41526,41579,41430,41435,41497,41498,41349,41640,41643,41611,41647,41700,41653,40698,0,0,11067,11988,11527,12627,0,,39.5907036,35.93393172,37.73980563,33.50174042,,,,,
10,41640,41526,41581,41429,41434,41498,41498,41349,41640,41643,41612,41648,41700,41653,40698,0,0,11037,11962,11439,12577,0,,39.71325549,36.03457292,38.0899294,33.68934513,,,,,
10.1,41640,41527,41580,41429,41433,41496,41498,41348,41639,41643,41613,41647,41700,41653,40698,0,0,10998,11929,11345,12497,0,,39.87292544,36.16251067,38.465946,33.99042564,,,,,
10.2,41639,41525,41580,41429,41434,41498,41499,41350,41639,41644,41613,41647,41700,41653,40698,0,0,10963,11898,11249,12410,0,,40.01656129,36.28290087,38.85216941,34.31915132,,,,,
10.3,41639,41527,41579,41430,41434,41497,41498,41349,41639,41643,41613,41648,41700,41653,40698,0,0,10933,11873,11171,12346,0,,40.13993775,36.38013643,39.16765582,34.56185569,,,,,
10.4,41640,41526,41579,41429,41434,41496,41498,41350,41640,41645,41612,41647,41700,41653,40698,0,0,10875,11844,11130,12303,0,,40.37915337,36.49309496,39.33410353,34.7253505,,,,,
10.5,41640,41526,41580,41429,41435,41497,41497,41349,41639,41643,41612,41647,41700,41653,40698,0,0,10794,11788,11115,12275,0,,40.71476965,36.71172902,39.39510615,34.83199932,,,,,
10.6,41640,41526,41581,41429,41435,41497,41498,41348,41640,41643,41612,41647,41700,41653,40698,0,0,10732,11700,11120,12253,0,,40.9728943,37.05666757,39.37476553,34.91589918,,,,,
10.7,41639,41527,41581,41428,41434,41497,41498,41350,41639,41644,41612,41648,41700,41653,40698,0,0,10678,11619,11134,12235,0,,41.1985986,37.37567769,39.31784588,34.98461326,,,,,
10.8,41641,41527,41581,41429,41434,41498,41499,41350,41640,41643,41613,41647,41700,41653,40698,0,0,10639,11573,11137,12223,0,,41.36212717,37.55750034,39.30565533,35.03045716,,,,,
10.9,41639,41528,41582,41429,41434,41497,41499,41350,41639,41644,41612,41647,41700,41653,40698,0,0,10614,11536,11144,12207,0,,41.46718485,37.70409896,39.27721964,35.0916255,,,,,
11,41640,41526,41579,41429,41434,41497,41498,41349,41639,41643,41613,41647,41700,41653,40698,0,0,10610,11510,11154,12203,0,,41.48401098,37.80730262,39.23661887,35.10692531,,,,,
11.1,41640,41526,41579,41428,41434,41498,41498,41350,41640,41644,41614,41648,41700,41653,40698,0,0,10605,11491,11119,12174,0,,41.50505021,37.88281972,39.37883314,35.21794173,,,,,
11.2,41640,41526,41581,41427,41434,41497,41498,41350,41639,41643,41613,41648,41700,41653,40698,0,0,10611,11475,10958,12022,0,,41.47980401,37.94647829,40.03710731,35.80253273,,,,,
11.3,41640,41527,41581,41428,41435,41497,41498,41349,41641,41644,41614,41648,41700,41653,40698,0,0,10621,11464,10823,11877,0,,41.43775037,37.99027828,40.59440262,36.3645699,,,,,
11.4,41640,41527,41581,41428,41434,41498,41499,41351,41640,41643,41613,41646,41700,41653,40698,0,0,10641,11453,10728,11778,0,,41.3537304,38.03410665,40.98958469,36.75084173,,,,,
11.5,41640,41527,41580,41429,41434,41498,41498,41349,41639,41643,41612,41647,41700,41653,40698,0,0,10664,11450,10624,11685,0,,41.2572507,38.04606478,41.42513996,37.11563335,,,,,
11.6,41640,41526,41579,41429,41434,41496,41498,41349,41639,41643,41613,41648,41700,41653,40698,0,0,10685,11451,10524,11613,0,,41.16929366,38.0420785,41.84691113,37.39936652,,,,,
11.7,41639,41527,41580,41428,41433,41498,41497,41350,41639,41645,41613,41648,41700,41653,40698,0,0,10692,11452,10422,11561,0,,41.14000277,38.03809246,42.28019516,37.60501148,,,,,
11.8,41641,41527,41579,41428,41434,41498,41497,41349,41640,41644,41614,41647,41700,41653,40698,0,0,10535,11409,10331,11512,0,,41.80037149,38.20970561,42.66944263,37.79935832,,,,,
11.9,41639,41526,41580,41429,41434,41497,41498,41350,41640,41644,41612,41647,41700,41653,40698,0,0,10299,11276,10287,11483,0,,42.80693552,38.74331555,42.85857877,37.91464154,,,,,
12,41640,41526,41581,41428,41434,41498,41498,41349,41639,41644,41613,41647,41700,41653,40698,0,0,10060,11129,10272,11465,0,,43.84427231,39.33816858,42.92319715,37.98629529,,,,,
12.1,41640,41526,41580,41428,41435,41498,41498,41350,41640,41645,41611,41647,41700,41653,40698,0,0,9876,10878,10269,11453,0,,44.65593955,40.36675775,42.93612942,38.03410665,,,,,
12.2,41639,41526,41579,41429,41434,41498,41498,41349,41640,41643,41612,41648,41700,41653,40698,0,0,9762,10651,10272,11443,0,,45.16478758,41.31176392,42.92319715,38.07397532,,,,,
12.3,41639,41526,41579,41429,41434,41497,41498,41349,41640,41643,41613,41647,41700,41653,40698,0,0,9582,10446,10204,11374,0,,45.9779254,42.17796208,43.21703742,38.34971529,,,,,
12.4,41638,41526,41581,41428,41435,41498,41499,41350,41640,41644,41613,41648,41700,41653,40698,0,0,9526,10385,9856,10919,0,,46.23339825,42.43815091,44.744875,40.19759613,,,,,
12.5,41640,41526,41580,41427,41434,41498,41498,41348,41640,41643,41612,41648,41700,41653,40698,0,0,9314,10292,9628,10626,0,,47.21171468,42.8370552,45.76896957,41.41673448,,,,,
12.6,41639,41526,41578,41428,41434,41498,41498,41350,41639,41643,41613,41647,41700,41653,40698,0,0,8982,10044,9494,10451,0,,48.78127704,43.91439144,46.37992745,42.15668564,,,,,
12.7,41640,41526,41581,41428,41434,41498,41498,41350,41640,41644,41613,41648,41700,41653,40698,0,0,8877,9978,8970,9927,0,,49.28777318,44.20455201,48.83890893,44.42979227,,,,,
12.8,41640,41525,41579,41429,41434,41497,41498,41349,41640,41643,41614,41648,41700,41653,40698,0,0,8789,9938,8512,9582,0,,49.71618641,44.38113473,51.08910454,45.9779254,,,,,
12.9,41640,41526,41579,41427,41433,41497,41498,41350,41640,41644,41613,41648,41700,41653,40698,0,0,8658,9864,8306,9392,0,,50.36076376,44.7092838,52.13545185,46.84967833,,,,,
13,41639,41527,41581,41427,41434,41497,41499,41350,41639,41643,41612,41648,41700,41653,40698,0,0,8572,9811,7896,8990,0,,50.78848993,44.94550048,54.28807002,48.74289173,,,,,
13.1,41639,41526,41580,41428,41435,41497,41498,41349,41640,41644,41613,41647,41700,41653,40698,0,0,8483,9785,7425,8626,0,,51.2350609,45.0617487,56.88927868,50.51948817,,,,,
13.2,41640,41526,41579,41428,41434,41499,41500,41350,41641,41644,41614,41647,41700,41653,40698,0,0,8336,9541,7213,8445,0,,51.98166809,46.16484955,58.11014122,51.42697232,,,,,
13.3,41638,41526,41579,41428,41434,41497,41498,41348,41639,41643,41612,41648,41700,41653,40698,0,0,8101,9302,7045,8304,0,,53.19962781,47.26763288,59.10173861,52.14572145,,,,,
13.4,41639,41526,41580,41428,41434,41497,41499,41350,41641,41644,41613,41648,41700,41653,40698,0,0,7856,9188,6848,8159,1,,54.50340659,47.80184001,60.29343231,52.89614563,,,,,
13.5,41639,41526,41579,41429,41436,41497,41498,41350,41640,41644,41614,41648,41700,41653,40698,0,0,7454,8868,6763,8074,1,,56.72480128,49.33142229,60.81775056,53.34156433,,,,,
13.6,41639,41526,41579,41428,41435,41497,41498,41350,41641,41645,41613,41648,41700,41653,40698,0,0,7156,8630,6711,8009,1,,58.44411575,50.49961993,61.14163736,53.68500955,,,,,
13.7,41640,41527,41580,41428,41434,41497,41498,41349,41641,41644,41614,41649,41700,41653,40698,0,0,6951,8274,6683,7962,1,,59.66635559,52.30002725,61.31703993,53.93490527,,,,,
13.8,41639,41526,41580,41428,41434,41498,41499,41351,41641,41645,41613,41647,41700,41653,40698,0,0,6800,7951,6677,7926,1,,60.58874611,53.9935827,61.35471835,54.12721244,,,,,
13.9,41640,41526,41579,41428,41433,41496,41499,41350,41640,41643,41614,41648,41700,41653,40698,0,0,6582,7616,6678,7898,1,,61.9556928,55.81672091,61.34843635,54.27732905,,,,,
14,41640,41526,41580,41428,41435,41498,41498,41350,41639,41645,41613,41648,41700,41653,40698,0,0,6296,7353,6673,7883,1,,63.8172365,57.30022704,61.37985545,54.35794615,,,,,
14.1,41640,41526,41581,41429,41436,41498,41499,41351,41641,41645,41614,41649,41700,41653,40698,0,0,6198,7253,6439,7628,1,,64.47422632,57.87724823,62.87637373,55.75016427,,,,,
14.2,41639,41526,41580,41429,41434,41497,41499,41349,41640,41645,41614,41649,41700,41653,40698,0,0,6031,7125,6233,7430,1,,65.6178257,58.62680258,64.23841917,56.8608781,,,,,
14.3,41639,41526,41581,41429,41434,41497,41498,41350,41640,41645,41613,41648,41700,41653,40698,0,0,5851,6970,6113,7300,1,,66.8863137,59.5516489,65.05242628,57.60512964,,,,,
14.4,41639,41526,41580,41429,41434,41498,41498,41351,41641,41645,41615,41648,41700,41653,40698,0,0,5792,6920,5793,7020,1,,67.31062091,59.85415047,67.30339311,59.25120208,,,,,
14.5,41639,41526,41580,41429,41434,41498,41498,41350,41641,41645,41613,41649,41700,41653,40698,0,0,5717,6874,5655,6912,1,,67.85632204,60.13429636,68.31292265,59.9027437,,,,,
14.6,41639,41525,41579,41429,41434,41497,41497,41350,41640,41645,41614,41647,41700,41653,40698,0,0,5664,6805,5509,6723,1,,68.24632848,60.55789127,69.40852023,61.06668053,,,,,
14.7,41638,41527,41579,41429,41435,41498,41499,41350,41640,41644,41614,41648,41700,41653,40698,0,0,5639,6784,5236,6458,1,,68.43157786,60.68762799,71.53914516,62.7529052,,,,,
14.8,41638,41526,41580,41429,41434,41497,41498,41350,41640,41644,41613,41649,41700,41653,40698,0,0,5481,6653,5135,6377,1,,69.6220098,61.50575946,72.35652391,63.28176123,,,,,
14.9,41639,41526,41580,41427,41434,41498,41498,41350,41640,41644,41614,41649,41700,41653,40698,0,0,5453,6627,4892,6083,1,,69.83661586,61.66998234,74.39357122,65.25840075,,,,,
15,41639,41526,41580,41428,41435,41497,41499,41350,41641,41645,41614,41649,41700,41653,40698,0,0,5324,6541,4733,5927,1,,70.84013381,62.21765989,75.78459398,66.34603402,,,,,
15.1,41639,41526,41579,41427,41434,41496,41497,41350,41641,41645,41613,41648,41700,41653,40698,0,0,5181,6411,4618,5799,1,,71.98220899,63.05897725,76.82172114,67.26005265,,,,,
15.2,41638,41526,41581,41429,41436,41498,41499,41350,41641,41645,41613,41649,41700,41653,40698,0,0,5128,6384,4430,5620,1,,72.41378927,63.23579907,78.57764573,68.57292507,,,,,
15.3,41640,41527,41581,41428,41435,41498,41498,41350,41641,41646,41613,41648,41700,41653,40698,0,0,5028,6201,4356,5542,1,,73.24084463,64.45396283,79.29070151,69.15832345,,,,,
15.4,41639,41524,41580,41428,41435,41498,41499,41351,41641,41645,41613,41649,41700,41653,40698,0,0,4951,6104,4260,5457,1,,73.88943183,65.1141131,80.23532521,69.805889,,,,,
15.5,41640,41526,41581,41427,41435,41498,41498,41350,41640,41644,41615,41649,41700,41653,40698,0,0,4842,6021,4151,5369,1,,74.82581782,65.68729927,81.33600908,70.4872643,,,,,
15.6,41640,41525,41580,41428,41434,41498,41498,41350,41640,41645,41613,41648,41700,41653,40698,0,0,4748,5886,4132,5343,1,,75.65128124,66.63663223,81.53105788,70.69077218,,,,,
15.7,41640,41526,41580,41428,41435,41497,41498,41350,41641,41645,41614,41649,41700,41653,40698,0,0,4722,5860,4023,5240,1,,75.88264005,66.82196704,82.6691016,71.50711006,,,,,
15.8,41639,41525,41578,41427,41435,41498,41498,41350,41641,41644,41613,41650,41700,41653,40698,0,0,4639,5767,3942,5178,1,,76.63030885,67.4917256,83.53667753,72.00651576,,,,,
15.9,41639,41526,41579,41428,41434,41498,41499,41351,41641,41645,41614,41650,41700,41653,40698,0,0,4581,5624,3928,5151,1,,77.16122608,68.54312752,83.68859225,72.22593492,,,,,
16,41639,41526,41580,41429,41435,41499,41500,41350,41641,41645,41615,41649,41700,41653,40698,0,0,4564,5592,3821,5038,1,,77.3181912,68.78211264,84.86951635,73.15737295,,,,,
16.1,41639,41525,41580,41429,41435,41498,41498,41351,41641,41646,41614,41649,41700,41653,40698,0,0,4492,5496,3759,4977,1,,77.9899427,69.50750236,85.57044463,73.66925871,,,,,
16.2,41638,41526,41580,41427,41434,41498,41499,41350,41641,41645,41613,41649,41700,41653,40698,0,0,4443,5368,3754,4962,1,,78.45369399,70.4950728,85.62752194,73.79613466,,,,,
16.3,41639,41527,41581,41428,41434,41498,41498,41350,41641,41645,41614,41648,41700,41653,40698,0,0,4453,5350,3600,4790,1,,78.35860951,70.63588174,87.42759304,75.28035243,,,,,
16.4,41639,41526,41581,41429,41434,41498,41499,41351,41641,41644,41613,41649,41700,41653,40698,0,0,4406,5285,3499,4706,1,,78.80750327,71.14844321,88.65485985,76.02568345,,,,,
16.5,41638,41526,41581,41428,41434,41499,41498,41350,41640,41644,41615,41649,41700,41653,40698,0,0,4396,5204,3478,4675,1,,78.90367227,71.79633924,88.91495287,76.3042969,,,,,
16.6,41638,41525,41579,41428,41435,41498,41499,41350,41641,41646,41614,41649,41700,41653,40698,0,0,4393,5168,3416,4615,1,,78.93256857,72.08764372,89.69312108,76.84914098,,,,,
16.7,41639,41526,41580,41428,41434,41497,41499,41351,41640,41645,41614,41650,41700,41653,40698,0,0,4346,5119,3348,4568,1,,79.38805318,72.48753537,90.5648361,77.28120247,,,,,
16.8,41639,41526,41580,41428,41434,41498,41499,41350,41641,41646,41614,41650,41700,41653,40698,0,0,4328,5027,3350,4566,1,,79.56389236,73.2492013,90.53891732,77.29969253,,,,,
16.9,41639,41527,41580,41429,41434,41499,41499,41349,41642,41645,41613,41649,41700,41653,40698,0,0,4329,5004,3282,4464,1,,79.55410298,73.44188421,91.4299681,78.25427923,,,,,
17,41638,41526,41581,41428,41434,41498,41499,41350,41641,41645,41614,41650,41700,41653,40698,0,0,4337,4998,3198,4361,1,,79.47587504,73.49230112,92.55956263,79.24211536,,,,,
17.1,41638,41525,41581,41428,41435,41499,41499,41351,41641,41645,41615,41649,41700,41653,40698,0,0,4356,4953,3189,4332,1,,79.29070151,73.87245262,92.68255511,79.52474936,,,,,
17.2,41639,41526,41579,41427,41434,41499,41498,41350,41640,41645,41614,41650,41700,41653,40698,0,0,4381,4947,3137,4242,1,,79.04836513,73.92341177,93.40087872,80.4149851,,,,,
17.3,41637,41525,41579,41429,41435,41498,41498,41350,41641,41645,41614,41650,41700,41653,40698,0,0,4414,4966,3061,4133,1,,78.73073582,73.76226196,94.47513536,81.52076803,,,,,
17.4,41640,41526,41580,41428,41435,41499,41499,41351,41641,41645,41614,41650,41700,41653,40698,0,0,4438,4954,3045,4090,1,,78.50132188,73.86396569,94.70511623,81.96567908,,,,,
17.5,41639,41526,41580,41428,41435,41499,41500,41350,41641,41645,41614,41650,41700,41653,40698,0,0,4379,4902,3049,4068,1,,79.06769752,74.30767759,94.64749372,82.19526863,,,,,
17.6,41640,41526,41580,41428,41435,41498,41498,41351,41641,41645,41615,41650,41700,41653,40698,0,0,4366,4912,3027,4041,1,,79.1935888,74.22196719,94.96547653,82.47888234,,,,,
17.7,41639,41526,41580,41427,41434,41499,41499,41350,41641,41645,41615,41650,41700,41653,40698,0,0,4376,4930,2960,4007,1,,79.09671383,74.06814757,95.95016489,82.83896206,,,,,
17.8,41639,41526,41579,41428,41435,41499,41499,41349,41640,41645,41615,41651,41700,41653,40698,0,0,4388,4956,2836,3897,1,,78.98077598,73.84699722,97.84084309,84.02708369,,,,,
17.9,41639,41525,41578,41428,41434,41498,41499,41351,41640,41645,41614,41650,41700,41653,40698,0,0,4379,4956,2793,3864,1,,79.06769752,73.84699722,98.51846267,84.39065405,,,,,
18,41639,41526,41580,41428,41434,41498,41499,41351,41641,41645,41614,41648,41700,41653,40698,0,0,4399,4979,2790,3855,1,,78.87479704,73.65237207,98.56617999,84.49039782,,,,,
18.1,41639,41525,41579,41428,41434,41498,41499,41350,41641,41645,41614,41650,41700,41653,40698,0,0,4432,5014,2771,3821,1,,78.55855099,73.35799589,98.86975049,84.86951635,,,,,
18.2,41638,41524,41579,41427,41434,41499,41499,41350,41641,41645,41615,41650,41700,41653,40698,0,0,4468,5055,2728,3763,1,,78.21640889,73.01586607,99.56561128,85.52484266,,,,,
18.3,41639,41525,41578,41428,41433,41498,41499,41351,41641,41645,41615,41650,41700,41653,40698,0,0,4498,5093,2718,3741,1,,77.93352749,72.70133774,99.72922995,85.77631382,,,,,
18.4,41639,41526,41579,41428,41435,41498,41499,41351,41641,41645,41614,41649,41700,41653,40698,0,0,4497,5093,2746,3751,1,,77.94292446,72.70133774,99.27281199,85.66180833,,,,,
18.5,41638,41526,41578,41428,41434,41499,41499,41352,41642,41646,41615,41651,41700,41653,40698,0,0,4530,5117,2788,3759,1,,77.63399246,72.50394166,98.59802395,85.57044463,,,,,
18.6,41639,41526,41579,41428,41434,41498,41500,41351,41641,41645,41614,41650,41700,41653,40698,0,0,4549,5124,2831,3775,1,,77.45720614,72.44654873,97.91903473,85.38835476,,,,,
18.7,41638,41526,41580,41428,41435,41499,41499,41350,41642,41645,41615,41651,41700,41653,40698,0,0,4593,5146,2878,3795,1,,77.0507988,72.26669878,97.19014259,85.16192741,,,,,
18.8,41638,41526,41580,41429,41435,41499,41500,41350,41640,41645,41614,41650,41700,41653,40698,0,0,4638,5180,2923,3818,1,,76.63940291,71.99030963,96.50479386,84.90314485,,,,,
18.9,41637,41525,41580,41428,41435,41498,41500,41350,41641,41646,41615,41651,41700,41653,40698,0,0,4680,5226,2970,3844,1,,76.25922749,71.61934354,95.80160887,84.61265273,,,,,
19,41639,41525,41579,41427,41433,41498,41499,41351,41642,41646,41615,41651,41700,41653,40698,0,0,4737,5282,3022,3875,1,,75.74900042,71.17225624,95.03810841,84.2690888,,,,,
19.1,41638,41525,41579,41427,41434,41498,41499,41351,41641,41645,41615,41649,41700,41653,40698,0,0,4794,5338,3079,3912,1,,75.24520453,70.73002489,94.21801807,83.86293262,,,,,
19.2,41639,41525,41580,41427,41434,41499,41499,41351,41641,41646,41616,41651,41700,41653,40698,0,0,4847,5382,3137,3950,1,,74.78238301,70.38588932,93.40087872,83.45013252,,,,,
19.3,41639,41526,41579,41427,41434,41498,41499,41350,41641,41645,41615,41649,41700,41653,40698,0,0,4886,5393,3196,3989,1,,74.44519572,70.30030644,92.58686077,83.03093733,,,,,
19.4,41638,41525,41579,41428,41434,41499,41499,41351,41642,41645,41615,41649,41700,41653,40698,0,0,4938,5423,3256,4033,1,,73.99997173,70.06780469,91.77611958,82.56331057,,,,,
19.5,41639,41525,41580,41428,41435,41497,41499,41350,41641,41645,41616,41650,41700,41653,40698,0,0,4999,5462,3317,4078,1,,73.48389392,69.76751279,90.96879621,82.09074355,,,,,
19.6,41639,41526,41580,41428,41435,41498,41499,41351,41641,41645,41614,41649,41700,41653,40698,0,0,5065,5510,3377,4125,1,,72.93285779,69.40091609,90.19068962,81.60316225,,,,,
19.7,41639,41526,41581,41427,41435,41498,41500,41351,41641,41645,41615,41649,41700,41653,40698,0,0,5126,5564,3435,4169,1,,72.43016568,68.99236711,89.4529963,81.15211285,,,,,
19.8,41639,41526,41579,41429,41434,41498,41499,41350,41641,41645,41614,41650,41700,41653,40698,0,0,5191,5618,3493,4214,1,,71.90129142,68.58783192,88.7289954,80.69609229,,,,,
19.9,41639,41525,41581,41429,41435,41499,41500,41351,41641,41646,41615,41651,41700,41653,40698,0,0,5255,5668,3549,4260,1,,71.38720276,68.21676547,88.04247952,80.23532521,,,,,
20,41638,41526,41581,41428,41434,41499,41499,41351,41641,41645,41614,41650,41700,41653,40698,0,0,5315,5723,3606,4309,1,,70.91107541,67.81240089,87.35588587,79.75035277,,,,,
20.1,41638,41526,41579,41429,41434,41498,41499,41351,41643,41646,41616,41651,41700,41653,40698,0,0,5380,5781,3662,4359,1,,70.40146911,67.39020977,86.69289073,79.26154266,,,,,
20.2,41638,41526,41579,41429,41433,41499,41499,41351,41641,41645,41615,41650,41700,41653,40698,0,0,5441,5836,3719,4408,1,,69.92893489,66.9937793,86.02941206,78.78829745,,,,,
20.3,41639,41525,41580,41429,41433,41499,41499,41351,41642,41646,41615,41650,41700,41653,40698,0,0,5502,5893,3775,4458,1,,69.46178865,66.58687464,85.38835476,78.31115264,,,,,
20.4,41639,41526,41580,41428,41435,41500,41500,41351,41640,41645,41614,41651,41700,41653,40698,0,0,5558,5943,3831,4509,1,,69.03756161,66.2331753,84.75762946,77.83030732,,,,,
20.5,41638,41526,41580,41428,41434,41499,41499,41351,41642,41646,41615,41650,41700,41653,40698,0,0,5618,5991,3888,4561,1,,68.58783192,65.89641193,84.12590525,77.34595534,,,,,
20.6,41639,41526,41580,41428,41434,41499,41500,41351,41642,41647,41616,41650,41700,41653,40698,0,0,5679,6046,3944,4614,1,,68.13557596,65.51383008,83.51502338,76.85828512,,,,,
20.7,41639,41526,41579,41428,41435,41498,41499,41350,41641,41645,41614,41650,41700,41653,40698,0,0,5737,6098,4001,4668,1,,67.71009876,65.1552878,82.9028496,76.36747974,,,,,
20.8,41637,41526,41580,41428,41435,41499,41500,41351,41642,41646,41616,41650,41700,41653,40698,0,0,5794,6150,4057,4723,1,,67.29616656,64.79976728,82.31056806,75.87371682,,,,,
20.9,41639,41526,41579,41429,41435,41499,41499,41350,41642,41646,41615,41650,41700,41653,40698,0,0,5848,6201,4112,4775,1,,66.90778466,64.45396283,81.7374218,75.4124326,,,,,
21,41638,41525,41580,41430,41435,41498,41499,41350,41641,41645,41615,41650,41700,41653,40698,0,0,5900,6255,4167,4828,1,,66.53717625,64.09086506,81.17250343,74.94768622,,,,,
21.1,41639,41526,41581,41429,41436,41499,41500,41352,41642,41646,41615,41651,41700,41653,40698,0,0,5952,6305,4219,4880,1,,66.1698257,63.75740632,80.64574743,74.49688666,,,,,
21.2,41639,41526,41581,41428,41436,41499,41499,41350,41642,41646,41615,41651,41700,41653,40698,0,0,6006,6358,4274,4930,1,,65.79172545,63.40676517,80.09615289,74.06814757,,,,,
21.3,41639,41525,41579,41429,41434,41498,41499,41352,41642,41646,41615,41651,41700,41653,40698,0,0,6057,6408,4326,4980,1,,65.43772966,63.07858811,79.58347841,73.64393141,,,,,
21.4,41640,41525,41578,41429,41434,41499,41499,41350,41641,41645,41615,41650,41700,41653,40698,0,0,6109,6455,4379,5031,1,,65.07983151,62.77237665,79.06769752,73.21578499,,,,,
21.5,41640,41525,41579,41429,41434,41499,41499,41351,41641,41645,41615,41651,41700,41653,40698,0,0,6159,6501,4433,5083,1,,64.73853735,62.47477908,78.54900706,72.78387132,,,,,
21.6,41638,41525,41579,41428,41435,41499,41500,41351,41641,41645,41616,41650,41700,41653,40698,0,0,6205,6549,4485,5135,1,,64.42695991,62.16641946,78.05586195,72.35652391,,,,,
21.7,41640,41526,41580,41429,41434,41499,41499,41351,41642,41647,41614,41649,41700,41653,40698,0,0,6254,6594,4535,5189,1,,64.09756096,61.87931883,77.58739345,71.91746203,,,,,
21.8,41639,41527,41581,41428,41434,41499,41499,41351,41642,41646,41615,41651,41700,41653,40698,0,0,6302,6639,4583,5242,1,,63.77734038,61.59410993,77.14280024,71.49110198,,,,,
21.9,41638,41526,41579,41428,41434,41498,41499,41351,41641,41646,41615,41651,41700,41653,40698,0,0,6349,6684,4634,5294,1,,63.46610539,61.31076337,76.67579988,71.07708755,,,,,
22,41638,41526,41579,41429,41436,41499,41499,41351,41642,41646,41615,41650,41700,41653,40698,0,0,6396,6729,4685,5347,1,,63.15712145,61.02925038,76.21420892,70.65939717,,,,,
22.1,41639,41526,41579,41428,41434,41498,41500,41350,41641,41646,41615,41650,41700,41653,40698,0,0,6444,6772,4736,5400,1,,62.84384758,60.76193632,75.75789584,70.24593773,,,,,
22.2,41638,41526,41580,41428,41435,41499,41499,41351,41641,41645,41615,41650,41700,41653,40698,0,0,6491,6819,4791,5454,1,,62.53929932,60.47161313,75.27156256,69.82893199,,,,,
22.3,41639,41525,41581,41428,41434,41498,41498,41351,41642,41646,41614,41649,41700,41653,40698,0,0,6538,6865,4845,5508,1,,62.23689074,60.1893167,74.79975129,69.41612578,,,,,
22.4,41639,41525,41579,41426,41434,41499,41500,41351,41642,41645,41614,41651,41700,41653,40698,0,0,6581,6911,4899,5563,1,,61.96206339,59.90882162,74.3334264,68.99989608,,,,,
22.5,41639,41526,41578,41429,41434,41499,41500,41350,41641,41646,41615,41651,41700,41653,40698,0,0,6624,6955,4949,5617,1,,61.6889712,59.64218206,73.90641822,68.59528736,,,,,
22.6,41639,41526,41579,41429,41434,41499,41500,41351,41643,41646,41615,41650,41700,41653,40698,0,0,6668,7001,5000,5671,1,,61.41129727,59.36513199,73.47548847,68.19460706,,,,,
22.7,41639,41526,41580,41427,41434,41498,41500,41351,41641,41645,41614,41651,41700,41653,40698,0,0,6711,7047,5052,5726,1,,61.14163736,59.08980323,73.04080186,67.79045775,,,,,
22.8,41638,41526,41580,41428,41435,41499,41500,41351,41641,41646,41615,41648,41700,41653,40698,0,0,6757,7090,5102,5781,1,,60.8549997,58.83396432,72.62720129,67.39020977,,,,,
22.9,41639,41525,41580,41428,41435,41499,41497,41350,41641,41645,41615,41652,41700,41653,40698,0,0,6801,7137,5155,5835,1,,60.58257341,58.55599649,72.19335334,67.00095354,,,,,
23,41639,41526,41579,41428,41435,41498,41499,41351,41642,41646,41615,41651,41700,41653,40698,0,0,6845,7184,5203,5885,1,,60.3118313,58.27974708,71.80440286,66.64374529,,,,,
23.1,41639,41526,41579,41427,41435,41499,41499,41350,41642,41646,41615,41650,41700,41653,40698,0,0,6892,7229,5253,5937,1,,60.02446171,58.01683918,71.40316999,66.27546167,,,,,
23.2,41638,41525,41579,41427,41433,41498,41499,41350,41641,41645,41616,41650,41700,41653,40698,0,0,6938,7277,5303,5989,1,,59.74501104,57.73808884,71.00585666,65.91038987,,,,,
23.3,41638,41526,41578,41429,41434,41498,41500,41351,41642,41646,41615,41650,41700,41653,40698,0,0,6983,7320,5351,6040,1,,59.47333644,57.4898304,70.62804627,65.55539748,,,,,
23.4,41639,41526,41580,41429,41435,41499,41499,41350,41641,41646,41615,41650,41700,41653,40698,0,0,7030,7366,5402,6092,1,,59.1913563,57.22575224,70.23041708,65.19650273,,,,,
23.5,41638,41525,41578,41429,41434,41497,41500,41351,41641,41645,41614,41650,41700,41653,40698,0,0,7078,7414,5458,6141,1,,58.90521341,56.9518224,69.79821089,64.86108599,,,,,
23.6,41639,41526,41579,41428,41434,41499,41499,41351,41642,41645,41615,41651,41700,41653,40698,0,0,7128,7462,5513,6192,1,,58.60909053,56.67953246,69.37811211,64.51478237,,,,,
23.7,41639,41525,41578,41428,41433,41499,41500,41351,41641,41645,41614,41650,41700,41653,40698,0,0,7178,7510,5566,6241,1,,58.31491819,56.40885779,68.97731329,64.18470382,,,,,
23.8,41638,41526,41581,41429,41435,41499,41499,41351,41641,41646,41617,41651,41700,41653,40698,0,0,7225,7552,5620,6290,1,,58.04014653,56.17332351,68.57292507,63.85717001,,,,,
23.9,41639,41526,41579,41429,41433,41498,41499,41351,41642,41646,41615,41650,41700,41653,40698,0,0,7275,7594,5671,6340,1,,57.74966905,55.93899159,68.19460706,63.52552815,,,,,
24,41638,41526,41578,41428,41434,41499,41500,41352,41642,41645,41615,41651,41700,41653,40698,0,0,7325,7638,5720,6390,1,,57.46105149,55.69477365,67.83435565,63.19644219,,,,,
24.1,41638,41525,41580,41427,41434,41498,41499,41351,41642,41645,41615,41649,41700,41653,40698,0,0,7372,7684,5772,6440,1,,57.19142047,55.44082843,67.45544147,62.86986652,,,,,
24.2,41639,41526,41580,41427,41433,41500,41499,41351,41642,41645,41614,41651,41700,41653,40698,0,0,7421,7733,5823,6492,1,,56.9120119,55.17184413,67.08714088,62.53284294,,,,,
24.3,41638,41525,41581,41428,41434,41497,41499,41350,41642,41646,41614,41650,41700,41653,40698,0,0,7472,7782,5874,6542,1,,56.6230095,54.90440754,66.72206912,62.21125151,,,,,
24.4,41639,41525,41580,41428,41434,41499,41499,41351,41641,41645,41614,41650,41700,41653,40698,0,0,7522,7831,5926,6588,1,,56.34143867,54.63849572,66.35309781,61.91748897,,,,,
24.5,41639,41525,41580,41428,41434,41498,41499,41350,41641,41646,41615,41651,41700,41653,40698,0,0,7573,7883,5980,6636,1,,56.05600824,54.35794615,65.97334831,61.6130656,,,,,
24.6,41639,41525,41579,41428,41434,41499,41499,41351,41641,41645,41615,41651,41700,41653,40698,0,0,7624,7934,6034,6680,1,,55.77233915,54.08440972,65.59700599,61.33587506,,,,,
24.7,41638,41525,41579,41428,41435,41498,41499,41351,41642,41646,41614,41650,41700,41653,40698,0,0,7674,7982,6088,6724,1,,55.49591545,53.82840533,65.22400174,61.06043994,,,,,
24.8,41638,41526,41579,41428,41434,41498,41499,41351,41642,41646,41616,41651,41700,41653,40698,0,0,7724,8031,6138,6767,1,,55.22113269,53.5684884,64.88154533,60.79293543,,,,,
24.9,41639,41525,41579,41429,41435,41499,41499,41350,41641,41645,41614,41650,41700,41653,40698,0,0,7776,8081,6188,6813,1,,54.9370725,53.30472538,64.54184131,60.50856868,,,,,
25,41639,41525,41578,41428,41434,41499,41499,41351,41641,41646,41615,41650,41700,41653,40698,0,0,7827,8129,6237,6859,1,,54.66014619,53.05287878,64.211553,60.22603522,,,,,
25.1,41638,41526,41579,41429,41434,41498,41499,41351,41641,41645,41614,41650,41700,41653,40698,0,0,7875,8176,6291,6907,1,,54.40099856,52.80755715,63.85051182,59.93314169,,,,,
25.2,41639,41525,41578,41428,41435,41498,41500,41350,41641,41645,41614,41651,41700,41653,40698,0,0,7921,8225,6343,6955,1,,54.1539839,52.55312401,63.50571138,59.64218206,,,,,
25.3,41638,41526,41579,41429,41435,41499,41499,41350,41642,41646,41615,41650,41700,41653,40698,0,0,7967,8269,6404,7003,1,,53.90825778,52.32579278,63.1047499,59.35312557,,,,,
25.4,41639,41525,41580,41427,41434,41499,41498,41351,41642,41645,41616,41651,41700,41653,40698,0,0,8012,8313,6465,7050,1,,53.66910344,52.09952537,62.70750611,59.07190618,,,,,
25.5,41638,41526,41581,41429,41435,41498,41499,41350,41642,41645,41615,41650,41700,41653,40698,0,0,8055,8357,6526,7093,1,,53.44169964,51.87430831,62.31389999,58.81616984,,,,,
25.6,41638,41525,41579,41429,41435,41499,41499,41351,41642,41646,41615,41650,41700,41653,40698,0,0,8097,8400,6587,7141,1,,53.22062881,51.65521189,61.92385393,58.53241937,,,,,
25.7,41638,41525,41579,41427,41434,41498,41498,41350,41642,41646,41614,41649,41700,41653,40698,0,0,8142,8446,6657,7191,1,,52.98489809,51.4219124,61.48054945,58.23874897,,,,,
25.8,41638,41526,41579,41429,41435,41497,41499,41351,41641,41645,41615,41650,41700,41653,40698,0,0,8186,8488,6723,7238,1,,52.75552255,51.20986511,61.06668053,57.96444179,,,,,
25.9,41639,41525,41580,41429,41435,41499,41499,41350,41642,41646,41614,41649,41700,41653,40698,0,0,8230,8530,6785,7286,1,,52.52723691,50.9987279,60.68144132,57.68601465,,,,,
26,41637,41526,41580,41428,41434,41499,41499,41350,41641,41646,41614,41651,41700,41653,40698,0,0,8275,8572,6849,7334,1,,52.29487579,50.78848993,60.28730103,57.40929556,,,,,
26.1,41638,41526,41579,41427,41434,41498,41500,41351,41640,41645,41615,41650,41700,41653,40698,0,0,8322,8613,6910,7385,0,,52.05337323,50.58411481,59.91490038,57.11712399,,,,,
26.2,41638,41526,41579,41428,41434,41498,41499,41350,41641,41646,41614,41650,41700,41653,40698,0,0,8371,8654,6974,7438,0,,51.80286644,50.38057669,59.52753799,56.81547399,,,,,
26.3,41639,41525,41581,41428,41435,41498,41499,41351,41641,41646,41614,41649,41700,41653,40698,0,0,8425,8698,7039,7487,0,,51.52828074,50.16306567,59.13756399,56.53835604,,,,,
26.4,41639,41525,41579,41428,41435,41498,41499,41351,41641,41645,41614,41650,41700,41653,40698,0,0,8484,8747,7107,7537,0,,51.23002071,49.92194464,58.73322273,56.25730405,,,,,
26.5,41637,41526,41581,41430,41434,41500,41501,41350,41642,41645,41614,41651,41700,41653,40698,0,0,8545,8802,7173,7586,0,,50.92354024,49.65266921,58.34424855,55.98353427,,,,,
26.6,41638,41525,41580,41429,41435,41498,41499,41350,41641,41645,41615,41650,41700,41653,40698,0,0,8604,8858,7234,7636,0,,50.6289056,49.37996534,57.98772198,55.70584645,,,,,
26.7,41638,41526,41581,41428,41434,41498,41500,41349,41641,41645,41615,41650,41700,41653,40698,0,0,8667,8914,7292,7689,0,,50.31621342,49.10871939,57.65133189,55.41330947,,,,,
26.8,41637,41526,41580,41428,41435,41498,41499,41351,41642,41646,41615,41650,41700,41653,40698,0,0,8725,8973,7349,7740,0,,50.0300597,48.82449488,57.32316701,55.13354468,,,,,
26.9,41638,41526,41580,41428,41434,41499,41500,41351,41641,41646,41614,41650,41700,41653,40698,0,0,8787,9033,7411,7792,0,,49.72596538,48.53706062,56.96889471,54.85001672,,,,,
27,41638,41526,41579,41428,41434,41501,41499,41350,41641,41645,41614,41651,41700,41653,40698,0,0,8855,9091,7466,7841,0,,49.39453731,48.26072366,56.65691487,54.58441331,,,,,
27.1,41639,41526,41580,41429,41434,41498,41499,41349,41641,41645,41615,41650,41700,41653,40698,0,0,8920,9152,7520,7890,0,,49.07974286,47.97167545,56.3526683,54.32030763,,,,,
27.2,41638,41525,41579,41428,41435,41499,41499,41351,41642,41646,41615,41650,41700,41653,40698,0,0,8979,9208,7575,7941,0,,48.79567894,47.70772512,56.04485096,54.04698918,,,,,
27.3,41638,41526,41579,41430,41435,41497,41498,41350,41641,41646,41614,41651,41700,41653,40698,0,0,9034,9263,7635,7989,0,,48.53228363,47.44977745,55.71138386,53.79118694,,,,,
27.4,41638,41525,41579,41427,41435,41498,41499,41351,41642,41646,41614,41650,41700,41653,40698,0,0,9088,9317,7693,8041,0,,48.27498078,47.19774437,55.39130607,53.51561864,,,,,
27.5,41639,41526,41578,41429,41435,41499,41499,41350,41640,41645,41616,41651,41700,41653,40698,0,0,9140,9369,7749,8092,0,,48.02841049,46.95617615,55.08434884,53.24689306,,,,,
27.6,41640,41525,41581,41429,41435,41499,41499,41350,41640,41645,41615,41650,41700,41653,40698,0,0,9192,9420,7807,8145,0,,47.78300347,46.7203156,54.76854915,52.96922394,,,,,
27.7,41638,41525,41580,41427,41434,41497,41499,41351,41642,41646,41615,41650,41700,41653,40698,0,0,9242,9471,7864,8197,0,,47.548117,46.48549244,54.46026017,52.69834951,,,,,
27.8,41639,41525,41578,41427,41435,41498,41498,41351,41641,41645,41614,41651,41700,41653,40698,0,0,9289,9522,7923,8249,0,,47.32827783,46.25169262,54.1432735,52.42899246,,,,,
27.9,41639,41526,41580,41428,41434,41497,41499,41350,41641,41645,41615,41652,41700,41653,40698,0,0,9336,9568,7982,8298,0,,47.10935133,46.04168061,53.82840533,52.17654331,,,,,
28,41639,41525,41581,41428,41435,41498,41500,41350,41640,41645,41615,41650,41700,41653,40698,0,0,9376,9613,8037,8348,0,,46.92374119,45.83701914,53.53675948,51.92029063,,,,,
28.1,41638,41526,41579,41429,41434,41499,41499,41351,41642,41645,41614,41650,41700,41653,40698,0,0,9422,9657,8092,8396,0,,46.71108739,45.6376475,53.24689306,51.6755515,,,,,
28.2,41639,41526,41579,41427,41433,41497,41500,41352,41641,41646,41615,41649,41700,41653,40698,0,0,9468,9698,8146,8446,0,,46.4992771,45.452522,52.96400036,51.4219124,,,,,
28.3,41638,41525,41578,41427,41435,41498,41498,41351,41641,41646,41615,41651,41700,41653,40698,0,0,9512,9740,8199,8495,0,,46.29745573,45.26352676,52.68796171,51.17461267,,,,,
28.4,41640,41526,41579,41428,41433,41498,41498,41351,41640,41646,41615,41651,41700,41653,40698,0,0,9558,9784,8253,8542,0,,46.08726605,45.06622466,52.40833488,50.93856862,,,,,
28.5,41638,41526,41579,41429,41434,41499,41500,41352,41642,41646,41614,41650,41700,41653,40698,0,0,9599,9823,8304,8589,0,,45.90060896,44.89192953,52.14572145,50.70364683,,,,,
28.6,41638,41526,41579,41429,41434,41499,41500,41350,41642,41645,41614,41650,41700,41653,40698,0,0,9639,9860,8354,8637,0,,45.71912053,44.72707656,51.88963092,50.46486959,,,,,
28.7,41638,41526,41580,41429,41434,41499,41499,41350,41640,41646,41615,41649,41700,41653,40698,0,0,9680,9900,8402,8684,0,,45.53371954,44.54940354,51.64504526,50.23217108,,,,,
28.8,41638,41526,41579,41428,41433,41497,41499,41351,41641,41645,41615,41651,41700,41653,40698,0,0,9720,9938,8450,8731,0,,45.35344347,44.38113473,51.40167791,50.00055068,,,,,
28.9,41639,41526,41579,41428,41434,41499,41499,41350,41641,41646,41615,41651,41700,41653,40698,0,0,9760,9975,8502,8776,0,,45.17375657,44.21777654,51.13938546,49.77978369,,,,,
29,41638,41525,41580,41428,41435,41499,41500,41351,41641,41645,41615,41649,41700,41653,40698,0,0,9799,10015,8556,8824,0,,44.99912321,44.04170328,50.86847523,49.54536022,,,,,
29.1,41639,41527,41579,41429,41435,41500,41499,41351,41641,41645,41615,41649,41700,41653,40698,0,0,9839,10052,8604,8870,0,,44.82058183,43.87932107,50.6289056,49.32171924,,,,,
29.2,41639,41526,41580,41428,41435,41499,41500,41350,41641,41645,41614,41649,41700,41653,40698,0,0,9875,10092,8658,8917,0,,44.66038295,43.70429237,50.36076376,49.09422907,,,,,
29.3,41638,41526,41580,41427,41433,41499,41500,41351,41642,41646,41614,41649,41700,41653,40698,0,0,9911,10130,8708,8961,0,,44.50064222,43.53851018,50.11376302,48.88217543,,,,,
29.4,41638,41525,41579,41427,41434,41499,41500,41350,41642,41645,41616,41652,41700,41653,40698,0,0,9951,10166,8755,9002,0,,44.3236846,43.38189396,49.88268769,48.68536754,,,,,
29.5,41638,41525,41579,41429,41435,41499,41500,41351,41641,41645,41614,41651,41700,41653,40698,0,0,9993,10208,8805,9043,0,,44.13847573,43.19971143,49.63802274,48.48931066,,,,,
29.6,41639,41526,41579,41428,41435,41500,41499,41351,41642,41646,41615,41650,41700,41653,40698,0,0,10030,10251,8851,9081,0,,43.97581668,43.01378342,49.41397313,48.30826267,,,,,
29.7,41638,41526,41581,41428,41434,41499,41500,41351,41641,41647,41615,41651,41700,41653,40698,0,0,10067,10293,8899,9120,0,,43.81362233,42.83275144,49.18123288,48.12310665,,,,,
29.8,41637,41525,41578,41427,41434,41499,41498,41351,41642,41646,41614,41651,41700,41653,40698,0,0,10105,10334,8947,9156,0,,43.64752338,42.6565692,48.94955165,47.9527775,,,,,
29.9,41639,41526,41579,41429,41435,41498,41500,41350,41642,41647,41615,41651,41700,41653,40698,0,0,10141,10373,8997,9194,0,,43.49060994,42.48947062,48.70932812,47.77358775,,,,,
30,41639,41526,41579,41428,41434,41499,41500,41351,41641,41646,41616,41651,41700,41653,40698,0,0,10177,10414,9046,9231,0,,43.33412388,42.31431205,48.47499429,47.59970178,,,,,
30.1,41638,41525,41578,41427,41434,41499,41500,41351,41641,41646,41615,41651,41700,41653,40698,0,0,10210,10452,9091,9270,0,,43.19105038,42.15243127,48.26072366,47.41703843,,,,,
30.2,41640,41526,41579,41428,41434,41499,41500,41350,41641,41647,41615,41650,41700,41653,40698,0,0,10245,10494,9129,9311,0,,43.03969114,41.97402138,48.08047202,47.22568868,,,,,
30.3,41639,41525,41579,41427,41436,41499,41500,41350,41642,41646,41616,41650,41700,41653,40698,0,0,10280,10534,9172,9350,0,,42.88872511,41.80460088,47.87725417,47.04431389,,,,,
30.4,41639,41525,41578,41428,41434,41498,41499,41349,41641,41645,41614,41650,41700,41653,40698,0,0,10317,10575,9216,9388,0,,42.72955606,41.63143946,47.67012652,46.86818438,,,,,
30.5,41638,41525,41579,41430,41435,41497,41498,41350,41642,41646,41615,41650,41700,41653,40698,0,0,10352,10617,9257,9430,0,,42.57938778,41.45456833,47.4778557,46.67419052,,,,,
30.6,41639,41526,41580,41428,41434,41498,41499,41351,41641,41646,41614,41649,41700,41653,40698,0,0,10389,10658,9293,9468,0,,42.42105426,41.28240459,47.30961042,46.4992771,,,,,
30.7,41638,41525,41580,41428,41434,41499,41500,41351,41641,41645,41614,41651,41700,41653,40698,0,0,10427,10700,9332,9507,0,,42.25888208,41.10654461,47.12794813,46.32035187,,,,,
30.8,41638,41525,41579,41428,41433,41499,41499,41350,41642,41646,41614,41650,41700,41653,40698,0,0,10465,10739,9371,9549,0,,42.09715208,40.94369702,46.946907,46.1283258,,,,,
30.9,41638,41525,41580,41428,41434,41499,41499,41351,41641,41645,41616,41650,41700,41653,40698,0,0,10501,10780,9411,9590,0,,41.94433817,40.77296164,46.76186226,45.94152747,,,,,
31,41640,41527,41579,41429,41435,41498,41499,41351,41641,41645,41615,41650,41700,41653,40698,0,0,10539,10821,9451,9630,0,,41.78345693,40.60269631,46.57745721,45.75990272,,,,,
31.1,41638,41525,41579,41427,41433,41498,41499,41351,41641,41646,41614,41653,41700,41653,40698,0,0,10575,10859,9492,9670,0,,41.63143946,40.44530486,46.38909879,45.57888135,,,,,
31.2,41639,41525,41580,41429,41433,41499,41500,41351,41642,41645,41614,41650,41700,41653,40698,0,0,10613,10896,9531,9709,0,,41.47139095,40.29243551,46.21053901,45.40296039,,,,,
31.3,41639,41526,41580,41428,41434,41498,41500,41351,41640,41645,41615,41651,41700,41653,40698,0,0,10648,10933,9572,9752,0,,41.32435083,40.13993775,46.02345718,45.20964711,,,,,
31.4,41638,41525,41579,41429,41434,41498,41499,41351,41642,41647,41613,41650,41700,41653,40698,0,0,10683,10967,9615,9795,0,,41.17766507,40.00012928,45.82794094,45.01700898,,,,,
31.5,41639,41526,41578,41428,41434,41499,41499,41350,41641,41645,41615,41650,41700,41653,40698,0,0,10716,11002,9656,9837,0,,41.03968307,39.85653059,45.64217059,44.82949529,,,,,
31.6,41639,41526,41579,41428,41433,41497,41499,41350,41641,41645,41614,41650,41700,41653,40698,0,0,10750,11035,9701,9877,0,,40.89784355,39.72143397,45.43900075,44.65149649,,,,,
31.7,41638,41526,41579,41429,41435,41499,41499,41350,41641,41646,41614,41651,41700,41653,40698,0,0,10781,11065,9743,9917,0,,40.76880325,39.59886643,45.25005191,44.474063,,,,,
31.8,41639,41524,41580,41429,41436,41498,41500,41351,41641,41645,41614,41651,41700,41653,40698,0,0,10815,11097,9784,9955,0,,40.62758402,39.46838552,45.06622466,44.30601943,,,,,
31.9,41638,41526,41578,41427,41435,41498,41498,41350,41641,41645,41615,41650,41700,41653,40698,0,0,10848,11127,9823,9991,0,,40.49082468,39.34629944,44.89192953,44.14728144,,,,,
32,41638,41525,41580,41428,41434,41498,41499,41350,41641,41645,41614,41650,41700,41653,40698,0,0,10880,11156,9860,10026,0,,40.35849537,39.22850176,44.72707656,43.99337896,,,,,
32.1,41639,41525,41581,41429,41434,41499,41500,41351,41642,41646,41615,41652,41700,41653,40698,0,0,10909,11185,9896,10061,0,,40.23881306,39.11091763,44.56714546,43.83989273,,,,,
32.2,41638,41526,41580,41428,41435,41499,41500,41351,41642,41646,41615,41650,41700,41653,40698,0,0,10937,11210,9932,10092,0,,40.12347362,39.00972217,44.40766998,43.70429237,,,,,
32.3,41639,41525,41580,41429,41434,41497,41499,41351,41641,41645,41614,41650,41700,41653,40698,0,0,10964,11236,9966,10123,0,,40.01245289,38.90464492,44.25746876,43.56901298,,,,,
32.4,41638,41526,41579,41427,41434,41498,41498,41350,41641,41646,41615,41650,41700,41653,40698,0,0,10992,11261,9997,10155,0,,39.89752564,38.80376768,44.12086843,43.42970369,,,,,
32.5,41638,41525,41579,41427,41435,41499,41499,41350,41642,41645,41615,41650,41700,41653,40698,0,0,11022,11285,10030,10188,0,,39.77461967,38.70707088,43.97581668,43.28639334,,,,,
32.6,41640,41526,41581,41429,41435,41498,41499,41351,41642,41646,41615,41649,41700,41653,40698,0,0,11051,11312,10063,10221,0,,39.6560354,38.59845606,43.83113459,43.14343775,,,,,
32.7,41639,41525,41579,41428,41434,41498,41499,41351,41641,41646,41614,41650,41700,41653,40698,0,0,11081,11340,10096,10252,0,,39.53359284,38.48600629,43.68681898,43.00946659,,,,,
32.8,41639,41525,41580,41429,41435,41499,41499,41351,41641,41646,41614,41651,41700,41653,40698,0,0,11110,11366,10133,10280,0,,39.41545317,38.3817587,43.52544252,42.88872511,,,,,
32.9,41639,41526,41580,41428,41435,41500,41500,41351,41641,41645,41615,41649,41700,41653,40698,0,0,11137,11392,10166,10306,0,,39.30565533,38.27767374,43.38189396,42.77683135,,,,,
33,41639,41526,41580,41428,41435,41498,41498,41350,41640,41645,41614,41650,41700,41653,40698,0,0,11166,11417,10197,10330,0,,39.18793147,38.17774441,43.24737039,42.67373441,,,,,
33.1,41639,41526,41581,41429,41434,41498,41498,41351,41641,41645,41615,41650,41700,41653,40698,0,0,11196,11443,10226,10355,0,,39.06637228,38.07397532,43.12180857,42.56653406,,,,,
33.2,41639,41524,41579,41427,41434,41498,41499,41350,41641,41644,41615,41650,41700,41653,40698,0,0,11224,11471,10255,10380,0,,38.95312115,37.96240228,42.99651802,42.4595287,,,,,
33.3,41639,41526,41579,41428,41434,41498,41498,41350,41641,41645,41615,41649,41700,41653,40698,0,0,11252,11498,10285,10404,0,,38.84006564,37.85498787,42.86719042,42.35698582,,,,,
33.4,41640,41527,41581,41429,41434,41498,41499,41351,41641,41646,41615,41650,41700,41653,40698,0,0,11281,11523,10315,10425,0,,38.72317717,37.75568126,42.73814873,42.26740639,,,,,
33.5,41638,41525,41578,41427,41433,41498,41499,41350,41642,41646,41614,41649,41700,41653,40698,0,0,11305,11548,10345,10448,0,,38.62659834,37.65651906,42.60939073,42.16945059,,,,,
33.6,41639,41525,41580,41428,41434,41498,41498,41351,41641,41646,41614,41650,41700,41653,40698,0,0,11332,11571,10377,10468,0,,38.51811536,37.56541658,42.47235909,42.08440263,,,,,
33.7,41640,41526,41581,41429,41434,41497,41499,41350,41641,41646,41614,41650,41700,41653,40698,0,0,11357,11596,10413,10491,0,,38.41782595,37.46652904,42.31857805,41.98674727,,,,,
33.8,41639,41526,41581,41429,41434,41498,41499,41351,41642,41646,41615,41651,41700,41653,40698,0,0,11383,11620,10446,10511,0,,38.31368482,37.37173034,42.17796208,41.90195911,,,,,
33.9,41638,41525,41579,41428,41435,41499,41499,41350,41641,41646,41615,41651,41700,41653,40698,0,0,11412,11643,10480,10533,0,,38.19771838,37.28100339,42.03343207,41.80883056,,,,,
34,41639,41526,41581,41428,41434,41499,41500,41350,41641,41646,41614,41650,41700,41653,40698,0,0,11440,11668,10516,10555,0,,38.08594052,37.18252152,41.88078083,41.71584622,,,,,
34.1,41639,41525,41579,41428,41435,41498,41499,41350,41640,41645,41615,41650,41700,41653,40698,0,0,11470,11693,10552,10580,0,,37.96638386,37.08417874,41.72851744,41.61035622,,,,,
34.2,41639,41525,41578,41427,41434,41498,41499,41349,41641,41646,41614,41649,41700,41653,40698,0,0,11499,11719,10591,10607,0,,37.85101282,36.98204885,41.56399898,41.49663364,,,,,
34.3,41638,41525,41579,41427,41434,41498,41500,41350,41641,41644,41614,41650,41700,41653,40698,0,0,11530,11743,10627,10634,0,,37.72790133,36.88790691,41.41253217,41.38312417,,,,,
34.4,41639,41526,41580,41429,41435,41498,41499,41350,41641,41645,41615,41649,41700,41653,40698,0,0,11558,11768,10661,10658,0,,37.61689441,36.78997606,41.26982635,41.28240459,,,,,
34.5,41638,41525,41579,41428,41434,41497,41499,41350,41640,41645,41615,41649,41700,41653,40698,0,0,11590,11793,10696,10680,0,,37.49024909,36.69218076,41.1232714,41.19022433,,,,,
34.6,41638,41526,41578,41427,41434,41498,41499,41351,41641,41645,41613,41649,41700,41653,40698,0,0,11621,11816,10729,10705,0,,37.36778322,36.60232803,40.98541167,41.08564254,,,,,
34.7,41638,41526,41579,41427,41435,41498,41498,41350,41641,41645,41615,41650,41700,41653,40698,0,0,11651,11836,10761,10727,0,,37.249474,36.52428735,40.85202417,40.99375799,,,,,
34.8,41638,41526,41580,41428,41434,41498,41498,41350,41642,41645,41615,41649,41700,41653,40698,0,0,11682,11857,10795,10750,0,,37.12743249,36.44243635,40.71061518,40.89784355,,,,,
34.9,41640,41526,41580,41428,41435,41499,41499,41351,41642,41645,41614,41650,41700,41653,40698,0,0,11710,11876,10828,10775,0,,37.01738465,36.36846122,40.57367324,40.79375776,,,,,
35,41639,41525,41580,41428,41435,41498,41498,41351,41642,41645,41614,41650,41700,41653,40698,0,0,11737,11895,10858,10801,0,,36.91143057,36.29456221,40.44944165,40.68569415,,,,,
35.1,41639,41525,41579,41427,41435,41499,41499,41350,41641,41646,41614,41649,41700,41653,40698,0,0,11763,11917,10888,10825,0,,36.80955136,36.20908953,40.32545674,40.58611004,,,,,
35.2,41638,41525,41580,41428,41435,41499,41499,41350,41641,41645,41615,41651,41700,41653,40698,0,0,11788,11941,10918,10848,0,,36.71172902,36.11596175,40.20171661,40.49082468,,,,,
35.3,41639,41526,41580,41428,41434,41499,41500,41350,41642,41645,41614,41651,41700,41653,40698,0,0,11814,11964,10947,10869,0,,36.61013681,36.02682636,40.08233207,40.40395197,,,,,
35.4,41638,41525,41580,41428,41435,41498,41499,41351,41642,41645,41614,41649,41700,41653,40698,0,0,11839,11990,10979,10889,0,,36.51258861,35.92619584,39.95085881,40.32132813,,,,,
35.5,41639,41525,41579,41429,41434,41498,41499,41350,41641,41644,41614,41649,41700,41653,40698,0,0,11866,12013,11009,10909,0,,36.40738598,35.8372919,39.82784978,40.23881306,,,,,
35.6,41639,41526,41580,41429,41435,41499,41500,41351,41641,41646,41616,41650,41700,41653,40698,0,0,11892,12034,11039,10931,0,,36.30622543,35.75621274,39.70507805,40.14817143,,,,,
35.7,41639,41525,41580,41429,41433,41499,41499,41351,41642,41645,41615,41650,41700,41653,40698,0,0,11918,12057,11067,10954,0,,36.20520681,35.66751412,39.5907036,40.05354893,,,,,
35.8,41639,41526,41581,41428,41435,41499,41500,41351,41641,41646,41615,41650,41700,41653,40698,0,0,11945,12080,11098,10976,0,,36.10045208,35.57892189,39.46431225,39.96317284,,,,,
35.9,41640,41525,41580,41428,41434,41498,41499,41351,41641,41646,41615,41649,41700,41653,40698,0,0,11968,12104,11129,10999,0,,36.01133569,35.48659055,39.33816858,39.86882633,,,,,
36,41639,41527,41579,41427,41434,41498,41498,41350,41641,41644,41615,41651,41700,41653,40698,0,0,11991,12125,11160,11024,0,,35.9223282,35.40589452,39.2122706,39.76643437,,,,,
36.1,41639,41524,41578,41428,41435,41499,41500,41349,41642,41645,41616,41651,41700,41653,40698,0,0,12013,12146,11192,11047,0,,35.8372919,35.3252856,39.08256707,39.67237877,,,,,
36.2,41639,41525,41579,41427,41434,41499,41501,41351,41641,41645,41614,41650,41700,41653,40698,0,0,12035,12167,11224,11073,0,,35.75235406,35.24476332,38.95312115,39.56622134,,,,,
36.3,41639,41525,41579,41428,41434,41499,41499,41351,41641,41645,41614,41649,41700,41653,40698,0,0,12058,12187,11255,11099,0,,35.66366008,35.16815554,38.82796409,39.46023925,,,,,
36.4,41639,41525,41580,41428,41434,41499,41499,41350,41640,41645,41615,41650,41700,41653,40698,0,0,12080,12209,11287,11125,0,,35.57892189,35.08397675,38.69901921,39.35443133,,,,,
36.5,41638,41525,41580,41427,41434,41498,41499,41351,41642,41645,41614,41651,41700,41653,40698,0,0,12106,12232,11322,11152,0,,35.47890145,34.99607164,38.55827355,39.24473699,,,,,
36.6,41638,41525,41579,41428,41435,41498,41499,41351,41641,41646,41615,41649,41700,41653,40698,0,0,12131,12254,11357,11180,0,,35.38285453,34.91208355,38.41782595,39.13117559,,,,,
36.7,41639,41526,41579,41429,41434,41498,41499,41350,41640,41645,41614,41649,41700,41653,40698,0,0,12157,12278,11390,11207,0,,35.28309649,34.82056556,38.28567453,39.02185735,,,,,
36.8,41638,41525,41579,41428,41435,41499,41499,41350,41641,41645,41615,41650,41700,41653,40698,0,0,12184,12303,11423,11232,0,,35.17964174,34.7253505,38.15378349,38.92079967,,,,,
36.9,41638,41526,41580,41428,41434,41498,41499,41350,41641,41643,41615,41649,41700,41653,40698,0,0,12210,12326,11452,11258,0,,35.08015267,34.6378567,38.03809246,38.81586477,,,,,
37,41640,41525,41580,41428,41434,41498,41498,41351,41641,41645,41614,41649,41700,41653,40698,0,0,12238,12350,11479,11282,0,,34.9731566,34.54666445,37.93055804,38.71915023,,,,,
37.1,41639,41525,41580,41428,41434,41499,41499,41351,41642,41646,41614,41650,41700,41653,40698,0,0,12266,12373,11510,11307,0,,34.86631085,34.45937247,37.80730262,38.61855647,,,,,
37.2,41638,41526,41580,41428,41435,41498,41499,41351,41642,41646,41614,41650,41700,41653,40698,0,0,12294,12398,11541,11333,0,,34.75961431,34.36460086,37.68426998,38.51410088,,,,,
37.3,41640,41526,41580,41429,41435,41499,41498,41351,41642,41645,41614,41651,41700,41653,40698,0,0,12324,12422,11576,11361,0,,34.64546091,34.27372815,37.54562769,38.40179365,,,,,
37.4,41638,41525,41580,41427,41435,41498,41500,41351,41641,41645,41614,41648,41700,41653,40698,0,0,12351,12448,11609,11386,0,,34.5428671,34.17540137,37.41516359,38.30167897,,,,,
37.5,41639,41525,41580,41428,41435,41498,41499,41351,41642,41646,41614,41649,41700,41653,40698,0,0,12382,12473,11639,11414,0,,34.42524141,34.08097197,37.29677346,38.18972808,,,,,
37.6,41639,41526,41580,41428,41434,41498,41499,41351,41642,41646,41615,41649,41700,41653,40698,0,0,12413,12498,11671,11440,0,,34.30779306,33.98665512,37.17071306,38.08594052,,,,,
37.7,41639,41525,41580,41427,41435,41499,41498,41351,41642,41646,41614,41649,41700,41653,40698,0,0,12443,12525,11701,11467,0,,34.19430082,33.88491847,37.05273829,37.97833001,,,,,
37.8,41639,41526,41581,41427,41434,41499,41500,41351,41640,41644,41615,41650,41700,41653,40698,0,0,12475,12550,11730,11493,0,,34.07342249,33.79083331,36.9388848,37.8748666,,,,,
37.9,41639,41525,41579,41428,41435,41498,41500,41351,41643,41646,41614,41650,41700,41653,40698,0,0,12509,12576,11760,11518,0,,33.94519117,33.69310167,36.82129914,37.775531,,,,,
38,41639,41526,41579,41428,41435,41498,41499,41350,41641,41644,41614,41650,41700,41653,40698,0,0,12539,12600,11790,11544,0,,33.83221715,33.60299296,36.70390907,37.67237535,,,,,
38.1,41638,41524,41578,41428,41434,41499,41499,41350,41641,41645,41615,41650,41700,41653,40698,0,0,12570,12626,11817,11568,0,,33.71564459,33.50548827,36.59842397,37.57729265,,,,,
38.2,41639,41526,41580,41428,41435,41499,41499,41350,41641,41645,41615,41650,41700,41653,40698,0,0,12601,12652,11845,11591,0,,33.59924061,33.40810038,36.48919687,37.48629519,,,,,
38.3,41639,41526,41578,41429,41434,41498,41499,41350,41641,41645,41614,41649,41700,41653,40698,0,0,12635,12679,11872,11613,0,,33.4717639,33.30708954,36.38402859,37.39936652,,,,,
38.4,41639,41526,41579,41428,41434,41498,41499,41350,41641,41645,41614,41649,41700,41653,40698,0,0,12668,12706,11897,11636,0,,33.34822706,33.20620285,36.28678777,37.30860337,,,,,
38.5,41638,41525,41579,41429,41434,41497,41499,41351,41642,41646,41615,41650,41700,41653,40698,0,0,12701,12732,11923,11660,0,,33.22487625,33.1091692,36.18579635,37.21402054,,,,,
38.6,41638,41525,41579,41428,41433,41497,41498,41350,41641,41645,41615,41651,41700,41653,40698,0,0,12733,12761,11950,11683,0,,33.1054394,33.00107317,36.08106966,37.12349922,,,,,
38.7,41638,41525,41578,41427,41435,41498,41500,41350,41640,41645,41614,41650,41700,41653,40698,0,0,12765,12789,11977,11709,0,,32.98617439,32.89683749,35.97649374,37.02131195,,,,,
38.8,41638,41526,41579,41429,41435,41498,41499,41350,41641,41646,41614,41649,41700,41653,40698,0,0,12797,12817,12002,11735,0,,32.86707971,32.79273136,35.87979771,36.91927355,,,,,
38.9,41639,41527,41580,41429,41434,41498,41500,41351,41641,41646,41615,41650,41700,41653,40698,0,0,12829,12842,12031,11761,0,,32.74815385,32.69988811,35.76779,36.817383,,,,,
39,41639,41525,41579,41427,41434,41497,41499,41350,41641,41646,41614,41651,41700,41653,40698,0,0,12861,12869,12055,11789,0,,32.62939534,32.59973169,35.67522281,36.70781894,,,,,
39.1,41640,41525,41581,41428,41435,41498,41500,41350,41642,41645,41614,41650,41700,41653,40698,0,0,12893,12893,12077,11817,0,,32.5108027,32.5108027,35.59047139,36.59842397,,,,,
39.2,41639,41526,41580,41428,41434,41498,41500,41350,41641,41645,41613,41649,41700,41653,40698,0,0,12919,12914,12099,11842,0,,32.4145673,32.43306571,35.50581679,36.50089178,,,,,
39.3,41638,41526,41580,41428,41434,41499,41500,41352,41642,41645,41614,41651,41700,41653,40698,0,0,12949,12936,12120,11865,0,,32.30366028,32.35170245,35.42509994,36.41127962,,,,,
39.4,41640,41526,41580,41429,41433,41499,41500,41350,41641,41646,41615,41650,41700,41653,40698,0,0,12975,12955,12148,11887,0,,32.20765598,32.28149599,35.31761309,36.32566833,,,,,
39.5,41639,41526,41578,41428,41434,41497,41499,41351,41641,41646,41614,41649,41700,41653,40698,0,0,13002,12974,12173,11908,0,,32.10807145,32.21134648,35.2217728,36.24404339,,,,,
39.6,41639,41527,41580,41428,41434,41498,41500,41350,41640,41645,41614,41650,41700,41653,40698,0,0,13025,12992,12193,11927,0,,32.02332977,32.14494133,35.14518838,36.17027173,,,,,
39.7,41639,41526,41581,41429,41434,41498,41498,41351,41640,41644,41614,41650,41700,41653,40698,0,0,13049,13007,12212,11946,0,,31.93499091,32.08964236,35.07250509,36.09657518,,,,,
39.8,41638,41525,41579,41429,41434,41497,41499,41350,41640,41645,41614,41649,41700,41653,40698,0,0,13071,13025,12231,11965,0,,31.8540914,32.02332977,34.99989148,36.02295338,,,,,
39.9,41638,41526,41579,41428,41435,41499,41498,41350,41640,41644,41614,41650,41700,41653,40698,0,0,13093,13042,12248,11981,0,,31.7732658,31.96074724,34.93498021,35.96101377,,,,,
40,41639,41526,41579,41427,41434,41498,41499,41351,41642,41645,41615,41650,41700,41653,40698,0,0,13114,13060,12264,12000,0,,31.69618262,31.89453189,34.87393773,35.88752869,,,,,
40.1,41638,41526,41579,41429,41433,41498,41498,41350,41641,41645,41615,41650,41700,41653,40698,0,0,13137,13077,12282,12018,0,,31.6118345,31.83204074,34.8053232,35.81797922,,,,,
40.2,41639,41526,41579,41428,41435,41498,41499,41351,41641,41646,41615,41650,41700,41653,40698,0,0,13156,13096,12304,12034,0,,31.54221544,31.76224983,34.72154436,35.75621274,,,,,
